PogId,Supc,Brand,Description,Size,Category,SubCategory,Price,Quantity,Country,SellerCode,creationtime,stock
666660653641,PDL666660653641XXS,Advice,Advice Multi Color Running Shoes,XXS,FOOTWEAR,Slippers,919.0,1,Brazil,21066,1509699932780,Out Of Stock
666660653641,PDL666660653641S,Advice,Advice Multi Color Running Shoes,S,FOOTWEAR,Slippers,919.0,1,Brazil,21066,1509699932786,Out Of Stock
666660653641,PDL666660653641M,Advice,Advice Multi Color Running Shoes,M,FOOTWEAR,Slippers,919.0,1,Brazil,21066,1509699932786,Out Of Stock
666660653641,PDL666660653641L,Advice,Advice Multi Color Running Shoes,L,FOOTWEAR,Slippers,919.0,1,Brazil,21066,1509699932787,Out Of Stock
666660653641,PDL666660653641XL,Advice,Advice Multi Color Running Shoes,XL,FOOTWEAR,Slippers,919.0,1,Brazil,21066,1509699932787,Out Of Stock
666660653641,PDL666660653641XXL,Advice,Advice Multi Color Running Shoes,XXL,FOOTWEAR,Slippers,919.0,1,Brazil,21066,1509699932787,Out Of Stock
666660653641,PDL666660653641XXXL,Advice,Advice Multi Color Running Shoes,XXXL,FOOTWEAR,Slippers,919.0,1,Brazil,21066,1509699932787,Out Of Stock
666660653641,PDL666660653641FREE,Advice,Advice Multi Color Running Shoes,FREE,FOOTWEAR,Slippers,919.0,1,Brazil,21066,1509699932787,Out Of Stock
666660653641,PDL6666606536415,Advice,Advice Multi Color Running Shoes,5,FOOTWEAR,Slippers,919.0,1,Brazil,21066,1509699932787,Out Of Stock
666660653641,PDL6666606536416,Advice,Advice Multi Color Running Shoes,6,FOOTWEAR,Slippers,919.0,1,Brazil,21066,1509699932787,Out Of Stock
666660653641,PDL6666606536417,Advice,Advice Multi Color Running Shoes,7,FOOTWEAR,Slippers,919.0,1,Brazil,21066,1509699932787,Out Of Stock
666660653641,PDL6666606536418,Advice,Advice Multi Color Running Shoes,8,FOOTWEAR,Slippers,919.0,1,Brazil,21066,1509699932787,Out Of Stock
666660653641,PDL6666606536419,Advice,Advice Multi Color Running Shoes,9,FOOTWEAR,Slippers,919.0,1,Brazil,21066,1509699932787,Out Of Stock
666660653641,PDL66666065364110,Advice,Advice Multi Color Running Shoes,10,FOOTWEAR,Slippers,919.0,1,Brazil,21066,1509699932787,Out Of Stock
658724094375,PDL658724094375XXS,Advice,Advice Multi Color Running Shoes,XXS,FOOTWEAR,Slippers,919.0,5,Spain,22987,1509699932787,Out Of Stock
658724094375,PDL658724094375S,Advice,Advice Multi Color Running Shoes,S,FOOTWEAR,Slippers,919.0,5,Spain,22987,1509699932787,Out Of Stock
658724094375,PDL658724094375M,Advice,Advice Multi Color Running Shoes,M,FOOTWEAR,Slippers,919.0,5,Spain,22987,1509699932787,Out Of Stock
658724094375,PDL658724094375L,Advice,Advice Multi Color Running Shoes,L,FOOTWEAR,Slippers,919.0,5,Spain,22987,1509699932787,Out Of Stock
658724094375,PDL658724094375XL,Advice,Advice Multi Color Running Shoes,XL,FOOTWEAR,Slippers,919.0,5,Spain,22987,1509699932787,Out Of Stock
658724094375,PDL658724094375XXL,Advice,Advice Multi Color Running Shoes,XXL,FOOTWEAR,Slippers,919.0,5,Spain,22987,1509699932787,Out Of Stock
658724094375,PDL658724094375XXXL,Advice,Advice Multi Color Running Shoes,XXXL,FOOTWEAR,Slippers,919.0,5,Spain,22987,1509699932787,Out Of Stock
658724094375,PDL658724094375FREE,Advice,Advice Multi Color Running Shoes,FREE,FOOTWEAR,Slippers,919.0,5,Spain,22987,1509699932787,Out Of Stock
658724094375,PDL6587240943755,Advice,Advice Multi Color Running Shoes,5,FOOTWEAR,Slippers,919.0,5,Spain,22987,1509699932787,Out Of Stock
658724094375,PDL6587240943756,Advice,Advice Multi Color Running Shoes,6,FOOTWEAR,Slippers,919.0,5,Spain,22987,1509699932787,Out Of Stock
658724094375,PDL6587240943757,Advice,Advice Multi Color Running Shoes,7,FOOTWEAR,Slippers,919.0,5,Spain,22987,1509699932787,Out Of Stock
658724094375,PDL6587240943758,Advice,Advice Multi Color Running Shoes,8,FOOTWEAR,Slippers,919.0,5,Spain,22987,1509699932787,Out Of Stock
658724094375,PDL6587240943759,Advice,Advice Multi Color Running Shoes,9,FOOTWEAR,Slippers,919.0,5,Spain,22987,1509699932787,Out Of Stock
658724094375,PDL65872409437510,Advice,Advice Multi Color Running Shoes,10,FOOTWEAR,Slippers,919.0,5,Spain,22987,1509699932788,Out Of Stock
670734226856,PDL670734226856XXS,Advice,Advice Multi Color Running Shoes,XXS,FOOTWEAR,Sneakers,919.0,6,Norway,21060,1509699932788,Discontinued
670734226856,PDL670734226856S,Advice,Advice Multi Color Running Shoes,S,FOOTWEAR,Sneakers,919.0,6,Norway,21060,1509699932788,Discontinued
670734226856,PDL670734226856M,Advice,Advice Multi Color Running Shoes,M,FOOTWEAR,Sneakers,919.0,6,Norway,21060,1509699932788,Discontinued
670734226856,PDL670734226856L,Advice,Advice Multi Color Running Shoes,L,FOOTWEAR,Sneakers,919.0,6,Norway,21060,1509699932788,Discontinued
670734226856,PDL670734226856XL,Advice,Advice Multi Color Running Shoes,XL,FOOTWEAR,Sneakers,919.0,6,Norway,21060,1509699932788,Discontinued
670734226856,PDL670734226856XXL,Advice,Advice Multi Color Running Shoes,XXL,FOOTWEAR,Sneakers,919.0,6,Norway,21060,1509699932788,Discontinued
670734226856,PDL670734226856XXXL,Advice,Advice Multi Color Running Shoes,XXXL,FOOTWEAR,Sneakers,919.0,6,Norway,21060,1509699932788,Discontinued
670734226856,PDL670734226856FREE,Advice,Advice Multi Color Running Shoes,FREE,FOOTWEAR,Sneakers,919.0,6,Norway,21060,1509699932788,Discontinued
670734226856,PDL6707342268565,Advice,Advice Multi Color Running Shoes,5,FOOTWEAR,Sneakers,919.0,6,Norway,21060,1509699932788,Discontinued
670734226856,PDL6707342268566,Advice,Advice Multi Color Running Shoes,6,FOOTWEAR,Sneakers,919.0,6,Norway,21060,1509699932788,Discontinued
670734226856,PDL6707342268567,Advice,Advice Multi Color Running Shoes,7,FOOTWEAR,Sneakers,919.0,6,Norway,21060,1509699932788,Discontinued
670734226856,PDL6707342268568,Advice,Advice Multi Color Running Shoes,8,FOOTWEAR,Sneakers,919.0,6,Norway,21060,1509699932788,Discontinued
670734226856,PDL6707342268569,Advice,Advice Multi Color Running Shoes,9,FOOTWEAR,Sneakers,919.0,6,Norway,21060,1509699932788,Discontinued
670734226856,PDL67073422685610,Advice,Advice Multi Color Running Shoes,10,FOOTWEAR,Sneakers,919.0,6,Norway,21060,1509699932788,Discontinued
685396093823,PDL685396093823XXS,Advice,Advice Multi Color Running Shoes,XXS,FOOTWEAR,Formal Shoes,919.0,3,RSA,35817P,1509699932788,Discontinued
685396093823,PDL685396093823S,Advice,Advice Multi Color Running Shoes,S,FOOTWEAR,Formal Shoes,919.0,3,RSA,35817P,1509699932788,Discontinued
685396093823,PDL685396093823M,Advice,Advice Multi Color Running Shoes,M,FOOTWEAR,Formal Shoes,919.0,3,RSA,35817P,1509699932788,Discontinued
685396093823,PDL685396093823L,Advice,Advice Multi Color Running Shoes,L,FOOTWEAR,Formal Shoes,919.0,3,RSA,35817P,1509699932788,Discontinued
685396093823,PDL685396093823XL,Advice,Advice Multi Color Running Shoes,XL,FOOTWEAR,Formal Shoes,919.0,3,RSA,35817P,1509699932788,Discontinued
685396093823,PDL685396093823XXL,Advice,Advice Multi Color Running Shoes,XXL,FOOTWEAR,Formal Shoes,919.0,3,RSA,35817P,1509699932788,Discontinued
685396093823,PDL685396093823XXXL,Advice,Advice Multi Color Running Shoes,XXXL,FOOTWEAR,Formal Shoes,919.0,3,RSA,35817P,1509699932788,Discontinued
685396093823,PDL685396093823FREE,Advice,Advice Multi Color Running Shoes,FREE,FOOTWEAR,Formal Shoes,919.0,3,RSA,35817P,1509699932788,Discontinued
685396093823,PDL6853960938235,Advice,Advice Multi Color Running Shoes,5,FOOTWEAR,Formal Shoes,919.0,3,RSA,35817P,1509699932788,Discontinued
685396093823,PDL6853960938236,Advice,Advice Multi Color Running Shoes,6,FOOTWEAR,Formal Shoes,919.0,3,RSA,35817P,1509699932788,Discontinued
685396093823,PDL6853960938237,Advice,Advice Multi Color Running Shoes,7,FOOTWEAR,Formal Shoes,919.0,3,RSA,35817P,1509699932788,Discontinued
685396093823,PDL6853960938238,Advice,Advice Multi Color Running Shoes,8,FOOTWEAR,Formal Shoes,919.0,3,RSA,35817P,1509699932788,Discontinued
685396093823,PDL6853960938239,Advice,Advice Multi Color Running Shoes,9,FOOTWEAR,Formal Shoes,919.0,3,RSA,35817P,1509699932788,Discontinued
685396093823,PDL68539609382310,Advice,Advice Multi Color Running Shoes,10,FOOTWEAR,Formal Shoes,919.0,3,RSA,35817P,1509699932788,Discontinued
650371490959,PDL650371490959XXS,Advice,Advice Multi Color Running Shoes,XXS,FOOTWEAR,Ethnic Footwear,919.0,9,Brazil,20878,1509699932788,In Stock
650371490959,PDL650371490959S,Advice,Advice Multi Color Running Shoes,S,FOOTWEAR,Ethnic Footwear,919.0,9,Brazil,20878,1509699932789,In Stock
650371490959,PDL650371490959M,Advice,Advice Multi Color Running Shoes,M,FOOTWEAR,Ethnic Footwear,919.0,9,Brazil,20878,1509699932789,In Stock
650371490959,PDL650371490959L,Advice,Advice Multi Color Running Shoes,L,FOOTWEAR,Ethnic Footwear,919.0,9,Brazil,20878,1509699932789,In Stock
650371490959,PDL650371490959XL,Advice,Advice Multi Color Running Shoes,XL,FOOTWEAR,Ethnic Footwear,919.0,9,Brazil,20878,1509699932789,In Stock
650371490959,PDL650371490959XXL,Advice,Advice Multi Color Running Shoes,XXL,FOOTWEAR,Ethnic Footwear,919.0,9,Brazil,20878,1509699932789,In Stock
650371490959,PDL650371490959XXXL,Advice,Advice Multi Color Running Shoes,XXXL,FOOTWEAR,Ethnic Footwear,919.0,9,Brazil,20878,1509699932789,In Stock
650371490959,PDL650371490959FREE,Advice,Advice Multi Color Running Shoes,FREE,FOOTWEAR,Ethnic Footwear,919.0,9,Brazil,20878,1509699932789,In Stock
650371490959,PDL6503714909595,Advice,Advice Multi Color Running Shoes,5,FOOTWEAR,Ethnic Footwear,919.0,9,Brazil,20878,1509699932789,In Stock
650371490959,PDL6503714909596,Advice,Advice Multi Color Running Shoes,6,FOOTWEAR,Ethnic Footwear,919.0,9,Brazil,20878,1509699932789,In Stock
650371490959,PDL6503714909597,Advice,Advice Multi Color Running Shoes,7,FOOTWEAR,Ethnic Footwear,919.0,9,Brazil,20878,1509699932789,In Stock
650371490959,PDL6503714909598,Advice,Advice Multi Color Running Shoes,8,FOOTWEAR,Ethnic Footwear,919.0,9,Brazil,20878,1509699932789,In Stock
650371490959,PDL6503714909599,Advice,Advice Multi Color Running Shoes,9,FOOTWEAR,Ethnic Footwear,919.0,9,Brazil,20878,1509699932789,In Stock
650371490959,PDL65037149095910,Advice,Advice Multi Color Running Shoes,10,FOOTWEAR,Ethnic Footwear,919.0,9,Brazil,20878,1509699932789,In Stock
624946657181,PDL624946657181XXS,Advice,Advice Purple Flip Flops,XXS,FOOTWEAR,Loafers,399.0,1,Australia,47559B,1509699932789,In Stock
624946657181,PDL624946657181S,Advice,Advice Purple Flip Flops,S,FOOTWEAR,Loafers,399.0,1,Australia,47559B,1509699932789,In Stock
624946657181,PDL624946657181M,Advice,Advice Purple Flip Flops,M,FOOTWEAR,Loafers,399.0,1,Australia,47559B,1509699932789,In Stock
624946657181,PDL624946657181L,Advice,Advice Purple Flip Flops,L,FOOTWEAR,Loafers,399.0,1,Australia,47559B,1509699932789,In Stock
624946657181,PDL624946657181XL,Advice,Advice Purple Flip Flops,XL,FOOTWEAR,Loafers,399.0,1,Australia,47559B,1509699932789,In Stock
624946657181,PDL624946657181XXL,Advice,Advice Purple Flip Flops,XXL,FOOTWEAR,Loafers,399.0,1,Australia,47559B,1509699932789,In Stock
624946657181,PDL624946657181XXXL,Advice,Advice Purple Flip Flops,XXXL,FOOTWEAR,Loafers,399.0,1,Australia,47559B,1509699932789,In Stock
624946657181,PDL624946657181FREE,Advice,Advice Purple Flip Flops,FREE,FOOTWEAR,Loafers,399.0,1,Australia,47559B,1509699932789,In Stock
624946657181,PDL6249466571815,Advice,Advice Purple Flip Flops,5,FOOTWEAR,Loafers,399.0,1,Australia,47559B,1509699932789,In Stock
624946657181,PDL6249466571816,Advice,Advice Purple Flip Flops,6,FOOTWEAR,Loafers,399.0,1,Australia,47559B,1509699932789,In Stock
624946657181,PDL6249466571817,Advice,Advice Purple Flip Flops,7,FOOTWEAR,Loafers,399.0,1,Australia,47559B,1509699932789,In Stock
624946657181,PDL6249466571818,Advice,Advice Purple Flip Flops,8,FOOTWEAR,Loafers,399.0,1,Australia,47559B,1509699932789,In Stock
624946657181,PDL6249466571819,Advice,Advice Purple Flip Flops,9,FOOTWEAR,Loafers,399.0,1,Australia,47559B,1509699932789,In Stock
624946657181,PDL62494665718110,Advice,Advice Purple Flip Flops,10,FOOTWEAR,Loafers,399.0,1,Australia,47559B,1509699932789,In Stock
680763020644,PDL680763020644XXS,Advice,Advice Purple Flip Flops,XXS,FOOTWEAR,Loafers,399.0,4,Czech Republic,21933,1509699932789,In Stock
680763020644,PDL680763020644S,Advice,Advice Purple Flip Flops,S,FOOTWEAR,Loafers,399.0,4,Czech Republic,21933,1509699932789,In Stock
680763020644,PDL680763020644M,Advice,Advice Purple Flip Flops,M,FOOTWEAR,Loafers,399.0,4,Czech Republic,21933,1509699932789,In Stock
680763020644,PDL680763020644L,Advice,Advice Purple Flip Flops,L,FOOTWEAR,Loafers,399.0,4,Czech Republic,21933,1509699932789,In Stock
680763020644,PDL680763020644XL,Advice,Advice Purple Flip Flops,XL,FOOTWEAR,Loafers,399.0,4,Czech Republic,21933,1509699932790,In Stock
680763020644,PDL680763020644XXL,Advice,Advice Purple Flip Flops,XXL,FOOTWEAR,Loafers,399.0,4,Czech Republic,21933,1509699932790,In Stock
680763020644,PDL680763020644XXXL,Advice,Advice Purple Flip Flops,XXXL,FOOTWEAR,Loafers,399.0,4,Czech Republic,21933,1509699932790,In Stock
680763020644,PDL680763020644FREE,Advice,Advice Purple Flip Flops,FREE,FOOTWEAR,Loafers,399.0,4,Czech Republic,21933,1509699932790,In Stock
680763020644,PDL6807630206445,Advice,Advice Purple Flip Flops,5,FOOTWEAR,Loafers,399.0,4,Czech Republic,21933,1509699932790,In Stock
680763020644,PDL6807630206446,Advice,Advice Purple Flip Flops,6,FOOTWEAR,Loafers,399.0,4,Czech Republic,21933,1509699932790,In Stock
680763020644,PDL6807630206447,Advice,Advice Purple Flip Flops,7,FOOTWEAR,Loafers,399.0,4,Czech Republic,21933,1509699932790,In Stock
680763020644,PDL6807630206448,Advice,Advice Purple Flip Flops,8,FOOTWEAR,Loafers,399.0,4,Czech Republic,21933,1509699932790,In Stock
680763020644,PDL6807630206449,Advice,Advice Purple Flip Flops,9,FOOTWEAR,Loafers,399.0,4,Czech Republic,21933,1509699932790,In Stock
680763020644,PDL68076302064410,Advice,Advice Purple Flip Flops,10,FOOTWEAR,Loafers,399.0,4,Czech Republic,21933,1509699932790,In Stock
682895455970,PDL682895455970XXS,Advice,Advice Purple Flip Flops,XXS,FOOTWEAR,Sports Shoes,399.0,0,Hong Kong,85170D,1509699932790,Discontinued
682895455970,PDL682895455970S,Advice,Advice Purple Flip Flops,S,FOOTWEAR,Sports Shoes,399.0,0,Hong Kong,85170D,1509699932790,Discontinued
682895455970,PDL682895455970M,Advice,Advice Purple Flip Flops,M,FOOTWEAR,Sports Shoes,399.0,0,Hong Kong,85170D,1509699932790,Discontinued
682895455970,PDL682895455970L,Advice,Advice Purple Flip Flops,L,FOOTWEAR,Sports Shoes,399.0,0,Hong Kong,85170D,1509699932790,Discontinued
682895455970,PDL682895455970XL,Advice,Advice Purple Flip Flops,XL,FOOTWEAR,Sports Shoes,399.0,0,Hong Kong,85170D,1509699932790,Discontinued
682895455970,PDL682895455970XXL,Advice,Advice Purple Flip Flops,XXL,FOOTWEAR,Sports Shoes,399.0,0,Hong Kong,85170D,1509699932790,Discontinued
682895455970,PDL682895455970XXXL,Advice,Advice Purple Flip Flops,XXXL,FOOTWEAR,Sports Shoes,399.0,0,Hong Kong,85170D,1509699932790,Discontinued
682895455970,PDL682895455970FREE,Advice,Advice Purple Flip Flops,FREE,FOOTWEAR,Sports Shoes,399.0,0,Hong Kong,85170D,1509699932790,Discontinued
682895455970,PDL6828954559705,Advice,Advice Purple Flip Flops,5,FOOTWEAR,Sports Shoes,399.0,0,Hong Kong,85170D,1509699932790,Discontinued
682895455970,PDL6828954559706,Advice,Advice Purple Flip Flops,6,FOOTWEAR,Sports Shoes,399.0,0,Hong Kong,85170D,1509699932790,Discontinued
682895455970,PDL6828954559707,Advice,Advice Purple Flip Flops,7,FOOTWEAR,Sports Shoes,399.0,0,Hong Kong,85170D,1509699932790,Discontinued
682895455970,PDL6828954559708,Advice,Advice Purple Flip Flops,8,FOOTWEAR,Sports Shoes,399.0,0,Hong Kong,85170D,1509699932790,Discontinued
682895455970,PDL6828954559709,Advice,Advice Purple Flip Flops,9,FOOTWEAR,Sports Shoes,399.0,0,Hong Kong,85170D,1509699932790,Discontinued
682895455970,PDL68289545597010,Advice,Advice Purple Flip Flops,10,FOOTWEAR,Sports Shoes,399.0,0,Hong Kong,85170D,1509699932790,Discontinued
671574477893,PDL671574477893XXS,Advice,Advice Purple Flip Flops,XXS,FOOTWEAR,Formal Shoes,399.0,3,Sweden,84032A,1509699932790,Discontinued
671574477893,PDL671574477893S,Advice,Advice Purple Flip Flops,S,FOOTWEAR,Formal Shoes,399.0,3,Sweden,84032A,1509699932790,Discontinued
671574477893,PDL671574477893M,Advice,Advice Purple Flip Flops,M,FOOTWEAR,Formal Shoes,399.0,3,Sweden,84032A,1509699932790,Discontinued
671574477893,PDL671574477893L,Advice,Advice Purple Flip Flops,L,FOOTWEAR,Formal Shoes,399.0,3,Sweden,84032A,1509699932790,Discontinued
671574477893,PDL671574477893XL,Advice,Advice Purple Flip Flops,XL,FOOTWEAR,Formal Shoes,399.0,3,Sweden,84032A,1509699932790,Discontinued
671574477893,PDL671574477893XXL,Advice,Advice Purple Flip Flops,XXL,FOOTWEAR,Formal Shoes,399.0,3,Sweden,84032A,1509699932790,Discontinued
671574477893,PDL671574477893XXXL,Advice,Advice Purple Flip Flops,XXXL,FOOTWEAR,Formal Shoes,399.0,3,Sweden,84032A,1509699932790,Discontinued
671574477893,PDL671574477893FREE,Advice,Advice Purple Flip Flops,FREE,FOOTWEAR,Formal Shoes,399.0,3,Sweden,84032A,1509699932790,Discontinued
671574477893,PDL6715744778935,Advice,Advice Purple Flip Flops,5,FOOTWEAR,Formal Shoes,399.0,3,Sweden,84032A,1509699932790,Discontinued
671574477893,PDL6715744778936,Advice,Advice Purple Flip Flops,6,FOOTWEAR,Formal Shoes,399.0,3,Sweden,84032A,1509699932790,Discontinued
671574477893,PDL6715744778937,Advice,Advice Purple Flip Flops,7,FOOTWEAR,Formal Shoes,399.0,3,Sweden,84032A,1509699932790,Discontinued
671574477893,PDL6715744778938,Advice,Advice Purple Flip Flops,8,FOOTWEAR,Formal Shoes,399.0,3,Sweden,84032A,1509699932790,Discontinued
671574477893,PDL6715744778939,Advice,Advice Purple Flip Flops,9,FOOTWEAR,Formal Shoes,399.0,3,Sweden,84032A,1509699932790,Discontinued
671574477893,PDL67157447789310,Advice,Advice Purple Flip Flops,10,FOOTWEAR,Formal Shoes,399.0,3,Sweden,84032A,1509699932790,Discontinued
677417632292,PDL677417632292XXS,Advice,Advice Purple Flip Flops,XXS,FOOTWEAR,Sandals & Floaters,399.0,2,Portugal,90041,1509699932790,Discontinued
677417632292,PDL677417632292S,Advice,Advice Purple Flip Flops,S,FOOTWEAR,Sandals & Floaters,399.0,2,Portugal,90041,1509699932790,Discontinued
677417632292,PDL677417632292M,Advice,Advice Purple Flip Flops,M,FOOTWEAR,Sandals & Floaters,399.0,2,Portugal,90041,1509699932791,Discontinued
677417632292,PDL677417632292L,Advice,Advice Purple Flip Flops,L,FOOTWEAR,Sandals & Floaters,399.0,2,Portugal,90041,1509699932791,Discontinued
677417632292,PDL677417632292XL,Advice,Advice Purple Flip Flops,XL,FOOTWEAR,Sandals & Floaters,399.0,2,Portugal,90041,1509699932791,Discontinued
677417632292,PDL677417632292XXL,Advice,Advice Purple Flip Flops,XXL,FOOTWEAR,Sandals & Floaters,399.0,2,Portugal,90041,1509699932791,Discontinued
677417632292,PDL677417632292XXXL,Advice,Advice Purple Flip Flops,XXXL,FOOTWEAR,Sandals & Floaters,399.0,2,Portugal,90041,1509699932791,Discontinued
677417632292,PDL677417632292FREE,Advice,Advice Purple Flip Flops,FREE,FOOTWEAR,Sandals & Floaters,399.0,2,Portugal,90041,1509699932791,Discontinued
677417632292,PDL6774176322925,Advice,Advice Purple Flip Flops,5,FOOTWEAR,Sandals & Floaters,399.0,2,Portugal,90041,1509699932791,Discontinued
677417632292,PDL6774176322926,Advice,Advice Purple Flip Flops,6,FOOTWEAR,Sandals & Floaters,399.0,2,Portugal,90041,1509699932791,Discontinued
677417632292,PDL6774176322927,Advice,Advice Purple Flip Flops,7,FOOTWEAR,Sandals & Floaters,399.0,2,Portugal,90041,1509699932791,Discontinued
677417632292,PDL6774176322928,Advice,Advice Purple Flip Flops,8,FOOTWEAR,Sandals & Floaters,399.0,2,Portugal,90041,1509699932791,Discontinued
677417632292,PDL6774176322929,Advice,Advice Purple Flip Flops,9,FOOTWEAR,Sandals & Floaters,399.0,2,Portugal,90041,1509699932791,Discontinued
677417632292,PDL67741763229210,Advice,Advice Purple Flip Flops,10,FOOTWEAR,Sandals & Floaters,399.0,2,Portugal,90041,1509699932791,Discontinued
684074463672,PDL684074463672XXS,Advice,Advice Purple Flip Flops,XXS,FOOTWEAR,Sandals & Floaters,399.0,2,Japan,84856S,1509699932791,Out Of Stock
684074463672,PDL684074463672S,Advice,Advice Purple Flip Flops,S,FOOTWEAR,Sandals & Floaters,399.0,2,Japan,84856S,1509699932791,Out Of Stock
684074463672,PDL684074463672M,Advice,Advice Purple Flip Flops,M,FOOTWEAR,Sandals & Floaters,399.0,2,Japan,84856S,1509699932791,Out Of Stock
684074463672,PDL684074463672L,Advice,Advice Purple Flip Flops,L,FOOTWEAR,Sandals & Floaters,399.0,2,Japan,84856S,1509699932791,Out Of Stock
684074463672,PDL684074463672XL,Advice,Advice Purple Flip Flops,XL,FOOTWEAR,Sandals & Floaters,399.0,2,Japan,84856S,1509699932791,Out Of Stock
684074463672,PDL684074463672XXL,Advice,Advice Purple Flip Flops,XXL,FOOTWEAR,Sandals & Floaters,399.0,2,Japan,84856S,1509699932791,Out Of Stock
684074463672,PDL684074463672XXXL,Advice,Advice Purple Flip Flops,XXXL,FOOTWEAR,Sandals & Floaters,399.0,2,Japan,84856S,1509699932791,Out Of Stock
684074463672,PDL684074463672FREE,Advice,Advice Purple Flip Flops,FREE,FOOTWEAR,Sandals & Floaters,399.0,2,Japan,84856S,1509699932791,Out Of Stock
684074463672,PDL6840744636725,Advice,Advice Purple Flip Flops,5,FOOTWEAR,Sandals & Floaters,399.0,2,Japan,84856S,1509699932791,Out Of Stock
684074463672,PDL6840744636726,Advice,Advice Purple Flip Flops,6,FOOTWEAR,Sandals & Floaters,399.0,2,Japan,84856S,1509699932791,Out Of Stock
684074463672,PDL6840744636727,Advice,Advice Purple Flip Flops,7,FOOTWEAR,Sandals & Floaters,399.0,2,Japan,84856S,1509699932791,Out Of Stock
684074463672,PDL6840744636728,Advice,Advice Purple Flip Flops,8,FOOTWEAR,Sandals & Floaters,399.0,2,Japan,84856S,1509699932791,Out Of Stock
684074463672,PDL6840744636729,Advice,Advice Purple Flip Flops,9,FOOTWEAR,Sandals & Floaters,399.0,2,Japan,84856S,1509699932791,Out Of Stock
684074463672,PDL68407446367210,Advice,Advice Purple Flip Flops,10,FOOTWEAR,Sandals & Floaters,399.0,2,Japan,84856S,1509699932791,Out Of Stock
665020758295,PDL665020758295XXS,Advice,Advice Purple Flip Flops,XXS,FOOTWEAR,Slippers,399.0,5,Poland,79323P,1509699932791,In Stock
665020758295,PDL665020758295S,Advice,Advice Purple Flip Flops,S,FOOTWEAR,Slippers,399.0,5,Poland,79323P,1509699932791,In Stock
665020758295,PDL665020758295M,Advice,Advice Purple Flip Flops,M,FOOTWEAR,Slippers,399.0,5,Poland,79323P,1509699932791,In Stock
665020758295,PDL665020758295L,Advice,Advice Purple Flip Flops,L,FOOTWEAR,Slippers,399.0,5,Poland,79323P,1509699932791,In Stock
665020758295,PDL665020758295XL,Advice,Advice Purple Flip Flops,XL,FOOTWEAR,Slippers,399.0,5,Poland,79323P,1509699932791,In Stock
665020758295,PDL665020758295XXL,Advice,Advice Purple Flip Flops,XXL,FOOTWEAR,Slippers,399.0,5,Poland,79323P,1509699932791,In Stock
665020758295,PDL665020758295XXXL,Advice,Advice Purple Flip Flops,XXXL,FOOTWEAR,Slippers,399.0,5,Poland,79323P,1509699932791,In Stock
665020758295,PDL665020758295FREE,Advice,Advice Purple Flip Flops,FREE,FOOTWEAR,Slippers,399.0,5,Poland,79323P,1509699932791,In Stock
665020758295,PDL6650207582955,Advice,Advice Purple Flip Flops,5,FOOTWEAR,Slippers,399.0,5,Poland,79323P,1509699932791,In Stock
665020758295,PDL6650207582956,Advice,Advice Purple Flip Flops,6,FOOTWEAR,Slippers,399.0,5,Poland,79323P,1509699932791,In Stock
665020758295,PDL6650207582957,Advice,Advice Purple Flip Flops,7,FOOTWEAR,Slippers,399.0,5,Poland,79323P,1509699932791,In Stock
665020758295,PDL6650207582958,Advice,Advice Purple Flip Flops,8,FOOTWEAR,Slippers,399.0,5,Poland,79323P,1509699932791,In Stock
665020758295,PDL6650207582959,Advice,Advice Purple Flip Flops,9,FOOTWEAR,Slippers,399.0,5,Poland,79323P,1509699932791,In Stock
665020758295,PDL66502075829510,Advice,Advice Purple Flip Flops,10,FOOTWEAR,Slippers,399.0,5,Poland,79323P,1509699932791,In Stock
618951710336,PDL618951710336XXS,Advice,Advice Purple Flip Flops,XXS,FOOTWEAR,Sneakers,399.0,6,Portugal,22692,1509699932791,Discontinued
618951710336,PDL618951710336S,Advice,Advice Purple Flip Flops,S,FOOTWEAR,Sneakers,399.0,6,Portugal,22692,1509699932791,Discontinued
618951710336,PDL618951710336M,Advice,Advice Purple Flip Flops,M,FOOTWEAR,Sneakers,399.0,6,Portugal,22692,1509699932791,Discontinued
618951710336,PDL618951710336L,Advice,Advice Purple Flip Flops,L,FOOTWEAR,Sneakers,399.0,6,Portugal,22692,1509699932791,Discontinued
618951710336,PDL618951710336XL,Advice,Advice Purple Flip Flops,XL,FOOTWEAR,Sneakers,399.0,6,Portugal,22692,1509699932792,Discontinued
618951710336,PDL618951710336XXL,Advice,Advice Purple Flip Flops,XXL,FOOTWEAR,Sneakers,399.0,6,Portugal,22692,1509699932792,Discontinued
618951710336,PDL618951710336XXXL,Advice,Advice Purple Flip Flops,XXXL,FOOTWEAR,Sneakers,399.0,6,Portugal,22692,1509699932792,Discontinued
618951710336,PDL618951710336FREE,Advice,Advice Purple Flip Flops,FREE,FOOTWEAR,Sneakers,399.0,6,Portugal,22692,1509699932792,Discontinued
618951710336,PDL6189517103365,Advice,Advice Purple Flip Flops,5,FOOTWEAR,Sneakers,399.0,6,Portugal,22692,1509699932792,Discontinued
618951710336,PDL6189517103366,Advice,Advice Purple Flip Flops,6,FOOTWEAR,Sneakers,399.0,6,Portugal,22692,1509699932792,Discontinued
618951710336,PDL6189517103367,Advice,Advice Purple Flip Flops,7,FOOTWEAR,Sneakers,399.0,6,Portugal,22692,1509699932792,Discontinued
618951710336,PDL6189517103368,Advice,Advice Purple Flip Flops,8,FOOTWEAR,Sneakers,399.0,6,Portugal,22692,1509699932792,Discontinued
618951710336,PDL6189517103369,Advice,Advice Purple Flip Flops,9,FOOTWEAR,Sneakers,399.0,6,Portugal,22692,1509699932792,Discontinued
618951710336,PDL61895171033610,Advice,Advice Purple Flip Flops,10,FOOTWEAR,Sneakers,399.0,6,Portugal,22692,1509699932792,Discontinued
625802307334,PDL625802307334XXS,Advice,Advice Purple Flip Flops,XXS,FOOTWEAR,Loafers,399.0,4,Israel,90122A,1509699932792,In Stock
625802307334,PDL625802307334S,Advice,Advice Purple Flip Flops,S,FOOTWEAR,Loafers,399.0,4,Israel,90122A,1509699932792,In Stock
625802307334,PDL625802307334M,Advice,Advice Purple Flip Flops,M,FOOTWEAR,Loafers,399.0,4,Israel,90122A,1509699932792,In Stock
625802307334,PDL625802307334L,Advice,Advice Purple Flip Flops,L,FOOTWEAR,Loafers,399.0,4,Israel,90122A,1509699932792,In Stock
625802307334,PDL625802307334XL,Advice,Advice Purple Flip Flops,XL,FOOTWEAR,Loafers,399.0,4,Israel,90122A,1509699932792,In Stock
625802307334,PDL625802307334XXL,Advice,Advice Purple Flip Flops,XXL,FOOTWEAR,Loafers,399.0,4,Israel,90122A,1509699932792,In Stock
625802307334,PDL625802307334XXXL,Advice,Advice Purple Flip Flops,XXXL,FOOTWEAR,Loafers,399.0,4,Israel,90122A,1509699932792,In Stock
625802307334,PDL625802307334FREE,Advice,Advice Purple Flip Flops,FREE,FOOTWEAR,Loafers,399.0,4,Israel,90122A,1509699932792,In Stock
625802307334,PDL6258023073345,Advice,Advice Purple Flip Flops,5,FOOTWEAR,Loafers,399.0,4,Israel,90122A,1509699932792,In Stock
625802307334,PDL6258023073346,Advice,Advice Purple Flip Flops,6,FOOTWEAR,Loafers,399.0,4,Israel,90122A,1509699932792,In Stock
625802307334,PDL6258023073347,Advice,Advice Purple Flip Flops,7,FOOTWEAR,Loafers,399.0,4,Israel,90122A,1509699932792,In Stock
625802307334,PDL6258023073348,Advice,Advice Purple Flip Flops,8,FOOTWEAR,Loafers,399.0,4,Israel,90122A,1509699932792,In Stock
625802307334,PDL6258023073349,Advice,Advice Purple Flip Flops,9,FOOTWEAR,Loafers,399.0,4,Israel,90122A,1509699932792,In Stock
625802307334,PDL62580230733410,Advice,Advice Purple Flip Flops,10,FOOTWEAR,Loafers,399.0,4,Israel,90122A,1509699932792,In Stock
675854353628,PDL675854353628XXS,Advice,Advice Purple Flip Flops,XXS,FOOTWEAR,Boots,399.0,8,RSA,84526,1509699932792,Discontinued
675854353628,PDL675854353628S,Advice,Advice Purple Flip Flops,S,FOOTWEAR,Boots,399.0,8,RSA,84526,1509699932792,Discontinued
675854353628,PDL675854353628M,Advice,Advice Purple Flip Flops,M,FOOTWEAR,Boots,399.0,8,RSA,84526,1509699932792,Discontinued
675854353628,PDL675854353628L,Advice,Advice Purple Flip Flops,L,FOOTWEAR,Boots,399.0,8,RSA,84526,1509699932792,Discontinued
675854353628,PDL675854353628XL,Advice,Advice Purple Flip Flops,XL,FOOTWEAR,Boots,399.0,8,RSA,84526,1509699932792,Discontinued
675854353628,PDL675854353628XXL,Advice,Advice Purple Flip Flops,XXL,FOOTWEAR,Boots,399.0,8,RSA,84526,1509699932792,Discontinued
675854353628,PDL675854353628XXXL,Advice,Advice Purple Flip Flops,XXXL,FOOTWEAR,Boots,399.0,8,RSA,84526,1509699932792,Discontinued
675854353628,PDL675854353628FREE,Advice,Advice Purple Flip Flops,FREE,FOOTWEAR,Boots,399.0,8,RSA,84526,1509699932792,Discontinued
675854353628,PDL6758543536285,Advice,Advice Purple Flip Flops,5,FOOTWEAR,Boots,399.0,8,RSA,84526,1509699932792,Discontinued
675854353628,PDL6758543536286,Advice,Advice Purple Flip Flops,6,FOOTWEAR,Boots,399.0,8,RSA,84526,1509699932792,Discontinued
675854353628,PDL6758543536287,Advice,Advice Purple Flip Flops,7,FOOTWEAR,Boots,399.0,8,RSA,84526,1509699932792,Discontinued
675854353628,PDL6758543536288,Advice,Advice Purple Flip Flops,8,FOOTWEAR,Boots,399.0,8,RSA,84526,1509699932792,Discontinued
675854353628,PDL6758543536289,Advice,Advice Purple Flip Flops,9,FOOTWEAR,Boots,399.0,8,RSA,84526,1509699932792,Discontinued
675854353628,PDL67585435362810,Advice,Advice Purple Flip Flops,10,FOOTWEAR,Boots,399.0,8,RSA,84526,1509699932792,Discontinued
625434427462,PDL625434427462XXS,Advice,Advice Black Flip Flops,XXS,FOOTWEAR,Sandals & Floaters,399.0,2,Belgium,85017C,1509699932792,In Stock
625434427462,PDL625434427462S,Advice,Advice Black Flip Flops,S,FOOTWEAR,Sandals & Floaters,399.0,2,Belgium,85017C,1509699932792,In Stock
625434427462,PDL625434427462M,Advice,Advice Black Flip Flops,M,FOOTWEAR,Sandals & Floaters,399.0,2,Belgium,85017C,1509699932792,In Stock
625434427462,PDL625434427462L,Advice,Advice Black Flip Flops,L,FOOTWEAR,Sandals & Floaters,399.0,2,Belgium,85017C,1509699932792,In Stock
625434427462,PDL625434427462XL,Advice,Advice Black Flip Flops,XL,FOOTWEAR,Sandals & Floaters,399.0,2,Belgium,85017C,1509699932792,In Stock
625434427462,PDL625434427462XXL,Advice,Advice Black Flip Flops,XXL,FOOTWEAR,Sandals & Floaters,399.0,2,Belgium,85017C,1509699932792,In Stock
625434427462,PDL625434427462XXXL,Advice,Advice Black Flip Flops,XXXL,FOOTWEAR,Sandals & Floaters,399.0,2,Belgium,85017C,1509699932792,In Stock
625434427462,PDL625434427462FREE,Advice,Advice Black Flip Flops,FREE,FOOTWEAR,Sandals & Floaters,399.0,2,Belgium,85017C,1509699932792,In Stock
625434427462,PDL6254344274625,Advice,Advice Black Flip Flops,5,FOOTWEAR,Sandals & Floaters,399.0,2,Belgium,85017C,1509699932793,In Stock
625434427462,PDL6254344274626,Advice,Advice Black Flip Flops,6,FOOTWEAR,Sandals & Floaters,399.0,2,Belgium,85017C,1509699932793,In Stock
625434427462,PDL6254344274627,Advice,Advice Black Flip Flops,7,FOOTWEAR,Sandals & Floaters,399.0,2,Belgium,85017C,1509699932793,In Stock
625434427462,PDL6254344274628,Advice,Advice Black Flip Flops,8,FOOTWEAR,Sandals & Floaters,399.0,2,Belgium,85017C,1509699932793,In Stock
625434427462,PDL6254344274629,Advice,Advice Black Flip Flops,9,FOOTWEAR,Sandals & Floaters,399.0,2,Belgium,85017C,1509699932793,In Stock
625434427462,PDL62543442746210,Advice,Advice Black Flip Flops,10,FOOTWEAR,Sandals & Floaters,399.0,2,Belgium,85017C,1509699932793,In Stock
670594159393,PDL670594159393XXS,Advice,Advice Black Flip Flops,XXS,FOOTWEAR,Formal Shoes,399.0,3,Lebanon,35920,1509699932793,In Stock
670594159393,PDL670594159393S,Advice,Advice Black Flip Flops,S,FOOTWEAR,Formal Shoes,399.0,3,Lebanon,35920,1509699932793,In Stock
670594159393,PDL670594159393M,Advice,Advice Black Flip Flops,M,FOOTWEAR,Formal Shoes,399.0,3,Lebanon,35920,1509699932793,In Stock
670594159393,PDL670594159393L,Advice,Advice Black Flip Flops,L,FOOTWEAR,Formal Shoes,399.0,3,Lebanon,35920,1509699932793,In Stock
670594159393,PDL670594159393XL,Advice,Advice Black Flip Flops,XL,FOOTWEAR,Formal Shoes,399.0,3,Lebanon,35920,1509699932793,In Stock
670594159393,PDL670594159393XXL,Advice,Advice Black Flip Flops,XXL,FOOTWEAR,Formal Shoes,399.0,3,Lebanon,35920,1509699932793,In Stock
670594159393,PDL670594159393XXXL,Advice,Advice Black Flip Flops,XXXL,FOOTWEAR,Formal Shoes,399.0,3,Lebanon,35920,1509699932793,In Stock
670594159393,PDL670594159393FREE,Advice,Advice Black Flip Flops,FREE,FOOTWEAR,Formal Shoes,399.0,3,Lebanon,35920,1509699932793,In Stock
670594159393,PDL6705941593935,Advice,Advice Black Flip Flops,5,FOOTWEAR,Formal Shoes,399.0,3,Lebanon,35920,1509699932793,In Stock
670594159393,PDL6705941593936,Advice,Advice Black Flip Flops,6,FOOTWEAR,Formal Shoes,399.0,3,Lebanon,35920,1509699932793,In Stock
670594159393,PDL6705941593937,Advice,Advice Black Flip Flops,7,FOOTWEAR,Formal Shoes,399.0,3,Lebanon,35920,1509699932793,In Stock
670594159393,PDL6705941593938,Advice,Advice Black Flip Flops,8,FOOTWEAR,Formal Shoes,399.0,3,Lebanon,35920,1509699932793,In Stock
670594159393,PDL6705941593939,Advice,Advice Black Flip Flops,9,FOOTWEAR,Formal Shoes,399.0,3,Lebanon,35920,1509699932793,In Stock
670594159393,PDL67059415939310,Advice,Advice Black Flip Flops,10,FOOTWEAR,Formal Shoes,399.0,3,Lebanon,35920,1509699932793,In Stock
654620308472,PDL654620308472XXS,Advice,Advice Green Sports Shoes,XXS,FOOTWEAR,Running Shoes,899.0,2,Hong Kong,90160D,1509699932793,Out Of Stock
654620308472,PDL654620308472S,Advice,Advice Green Sports Shoes,S,FOOTWEAR,Running Shoes,899.0,2,Hong Kong,90160D,1509699932793,Out Of Stock
654620308472,PDL654620308472M,Advice,Advice Green Sports Shoes,M,FOOTWEAR,Running Shoes,899.0,2,Hong Kong,90160D,1509699932793,Out Of Stock
654620308472,PDL654620308472L,Advice,Advice Green Sports Shoes,L,FOOTWEAR,Running Shoes,899.0,2,Hong Kong,90160D,1509699932793,Out Of Stock
654620308472,PDL654620308472XL,Advice,Advice Green Sports Shoes,XL,FOOTWEAR,Running Shoes,899.0,2,Hong Kong,90160D,1509699932793,Out Of Stock
654620308472,PDL654620308472XXL,Advice,Advice Green Sports Shoes,XXL,FOOTWEAR,Running Shoes,899.0,2,Hong Kong,90160D,1509699932793,Out Of Stock
654620308472,PDL654620308472XXXL,Advice,Advice Green Sports Shoes,XXXL,FOOTWEAR,Running Shoes,899.0,2,Hong Kong,90160D,1509699932793,Out Of Stock
654620308472,PDL654620308472FREE,Advice,Advice Green Sports Shoes,FREE,FOOTWEAR,Running Shoes,899.0,2,Hong Kong,90160D,1509699932793,Out Of Stock
654620308472,PDL6546203084725,Advice,Advice Green Sports Shoes,5,FOOTWEAR,Running Shoes,899.0,2,Hong Kong,90160D,1509699932793,Out Of Stock
654620308472,PDL6546203084726,Advice,Advice Green Sports Shoes,6,FOOTWEAR,Running Shoes,899.0,2,Hong Kong,90160D,1509699932793,Out Of Stock
654620308472,PDL6546203084727,Advice,Advice Green Sports Shoes,7,FOOTWEAR,Running Shoes,899.0,2,Hong Kong,90160D,1509699932793,Out Of Stock
654620308472,PDL6546203084728,Advice,Advice Green Sports Shoes,8,FOOTWEAR,Running Shoes,899.0,2,Hong Kong,90160D,1509699932793,Out Of Stock
654620308472,PDL6546203084729,Advice,Advice Green Sports Shoes,9,FOOTWEAR,Running Shoes,899.0,2,Hong Kong,90160D,1509699932793,Out Of Stock
654620308472,PDL65462030847210,Advice,Advice Green Sports Shoes,10,FOOTWEAR,Running Shoes,899.0,2,Hong Kong,90160D,1509699932793,Out Of Stock
630838633767,PDL630838633767XXS,Advice,Advice Green Sports Shoes,XXS,FOOTWEAR,Running Shoes,899.0,7,Saudi Arabia,72134,1509699932793,Out Of Stock
630838633767,PDL630838633767S,Advice,Advice Green Sports Shoes,S,FOOTWEAR,Running Shoes,899.0,7,Saudi Arabia,72134,1509699932793,Out Of Stock
630838633767,PDL630838633767M,Advice,Advice Green Sports Shoes,M,FOOTWEAR,Running Shoes,899.0,7,Saudi Arabia,72134,1509699932793,Out Of Stock
630838633767,PDL630838633767L,Advice,Advice Green Sports Shoes,L,FOOTWEAR,Running Shoes,899.0,7,Saudi Arabia,72134,1509699932793,Out Of Stock
630838633767,PDL630838633767XL,Advice,Advice Green Sports Shoes,XL,FOOTWEAR,Running Shoes,899.0,7,Saudi Arabia,72134,1509699932793,Out Of Stock
630838633767,PDL630838633767XXL,Advice,Advice Green Sports Shoes,XXL,FOOTWEAR,Running Shoes,899.0,7,Saudi Arabia,72134,1509699932793,Out Of Stock
630838633767,PDL630838633767XXXL,Advice,Advice Green Sports Shoes,XXXL,FOOTWEAR,Running Shoes,899.0,7,Saudi Arabia,72134,1509699932793,Out Of Stock
630838633767,PDL630838633767FREE,Advice,Advice Green Sports Shoes,FREE,FOOTWEAR,Running Shoes,899.0,7,Saudi Arabia,72134,1509699932793,Out Of Stock
630838633767,PDL6308386337675,Advice,Advice Green Sports Shoes,5,FOOTWEAR,Running Shoes,899.0,7,Saudi Arabia,72134,1509699932793,Out Of Stock
630838633767,PDL6308386337676,Advice,Advice Green Sports Shoes,6,FOOTWEAR,Running Shoes,899.0,7,Saudi Arabia,72134,1509699932793,Out Of Stock
630838633767,PDL6308386337677,Advice,Advice Green Sports Shoes,7,FOOTWEAR,Running Shoes,899.0,7,Saudi Arabia,72134,1509699932793,Out Of Stock
630838633767,PDL6308386337678,Advice,Advice Green Sports Shoes,8,FOOTWEAR,Running Shoes,899.0,7,Saudi Arabia,72134,1509699932793,Out Of Stock
630838633767,PDL6308386337679,Advice,Advice Green Sports Shoes,9,FOOTWEAR,Running Shoes,899.0,7,Saudi Arabia,72134,1509699932793,Out Of Stock
630838633767,PDL63083863376710,Advice,Advice Green Sports Shoes,10,FOOTWEAR,Running Shoes,899.0,7,Saudi Arabia,72134,1509699932794,Out Of Stock
674574150276,PDL674574150276XXS,Advice,Advice Green Sports Shoes,XXS,FOOTWEAR,Sneakers,899.0,6,United Kingdom,84993B,1509699932794,Out Of Stock
674574150276,PDL674574150276S,Advice,Advice Green Sports Shoes,S,FOOTWEAR,Sneakers,899.0,6,United Kingdom,84993B,1509699932794,Out Of Stock
674574150276,PDL674574150276M,Advice,Advice Green Sports Shoes,M,FOOTWEAR,Sneakers,899.0,6,United Kingdom,84993B,1509699932794,Out Of Stock
674574150276,PDL674574150276L,Advice,Advice Green Sports Shoes,L,FOOTWEAR,Sneakers,899.0,6,United Kingdom,84993B,1509699932794,Out Of Stock
674574150276,PDL674574150276XL,Advice,Advice Green Sports Shoes,XL,FOOTWEAR,Sneakers,899.0,6,United Kingdom,84993B,1509699932794,Out Of Stock
674574150276,PDL674574150276XXL,Advice,Advice Green Sports Shoes,XXL,FOOTWEAR,Sneakers,899.0,6,United Kingdom,84993B,1509699932794,Out Of Stock
674574150276,PDL674574150276XXXL,Advice,Advice Green Sports Shoes,XXXL,FOOTWEAR,Sneakers,899.0,6,United Kingdom,84993B,1509699932794,Out Of Stock
674574150276,PDL674574150276FREE,Advice,Advice Green Sports Shoes,FREE,FOOTWEAR,Sneakers,899.0,6,United Kingdom,84993B,1509699932794,Out Of Stock
674574150276,PDL6745741502765,Advice,Advice Green Sports Shoes,5,FOOTWEAR,Sneakers,899.0,6,United Kingdom,84993B,1509699932794,Out Of Stock
674574150276,PDL6745741502766,Advice,Advice Green Sports Shoes,6,FOOTWEAR,Sneakers,899.0,6,United Kingdom,84993B,1509699932794,Out Of Stock
674574150276,PDL6745741502767,Advice,Advice Green Sports Shoes,7,FOOTWEAR,Sneakers,899.0,6,United Kingdom,84993B,1509699932794,Out Of Stock
674574150276,PDL6745741502768,Advice,Advice Green Sports Shoes,8,FOOTWEAR,Sneakers,899.0,6,United Kingdom,84993B,1509699932794,Out Of Stock
674574150276,PDL6745741502769,Advice,Advice Green Sports Shoes,9,FOOTWEAR,Sneakers,899.0,6,United Kingdom,84993B,1509699932794,Out Of Stock
674574150276,PDL67457415027610,Advice,Advice Green Sports Shoes,10,FOOTWEAR,Sneakers,899.0,6,United Kingdom,84993B,1509699932794,Out Of Stock
665777173750,PDL665777173750XXS,Advice,Advice Black Daily,XXS,FOOTWEAR,Sports Shoes,599.0,0,Belgium,21967,1509699932794,In Stock
665777173750,PDL665777173750S,Advice,Advice Black Daily,S,FOOTWEAR,Sports Shoes,599.0,0,Belgium,21967,1509699932794,In Stock
665777173750,PDL665777173750M,Advice,Advice Black Daily,M,FOOTWEAR,Sports Shoes,599.0,0,Belgium,21967,1509699932794,In Stock
665777173750,PDL665777173750L,Advice,Advice Black Daily,L,FOOTWEAR,Sports Shoes,599.0,0,Belgium,21967,1509699932794,In Stock
665777173750,PDL665777173750XL,Advice,Advice Black Daily,XL,FOOTWEAR,Sports Shoes,599.0,0,Belgium,21967,1509699932794,In Stock
665777173750,PDL665777173750XXL,Advice,Advice Black Daily,XXL,FOOTWEAR,Sports Shoes,599.0,0,Belgium,21967,1509699932794,In Stock
665777173750,PDL665777173750XXXL,Advice,Advice Black Daily,XXXL,FOOTWEAR,Sports Shoes,599.0,0,Belgium,21967,1509699932794,In Stock
665777173750,PDL665777173750FREE,Advice,Advice Black Daily,FREE,FOOTWEAR,Sports Shoes,599.0,0,Belgium,21967,1509699932794,In Stock
665777173750,PDL6657771737505,Advice,Advice Black Daily,5,FOOTWEAR,Sports Shoes,599.0,0,Belgium,21967,1509699932794,In Stock
665777173750,PDL6657771737506,Advice,Advice Black Daily,6,FOOTWEAR,Sports Shoes,599.0,0,Belgium,21967,1509699932794,In Stock
665777173750,PDL6657771737507,Advice,Advice Black Daily,7,FOOTWEAR,Sports Shoes,599.0,0,Belgium,21967,1509699932794,In Stock
665777173750,PDL6657771737508,Advice,Advice Black Daily,8,FOOTWEAR,Sports Shoes,599.0,0,Belgium,21967,1509699932794,In Stock
665777173750,PDL6657771737509,Advice,Advice Black Daily,9,FOOTWEAR,Sports Shoes,599.0,0,Belgium,21967,1509699932794,In Stock
665777173750,PDL66577717375010,Advice,Advice Black Daily,10,FOOTWEAR,Sports Shoes,599.0,0,Belgium,21967,1509699932794,In Stock
683457981760,PDL683457981760XXS,Advice,Advice Black Daily,XXS,FOOTWEAR,Sports Shoes,599.0,0,Brazil,21984,1509699932794,In Stock
683457981760,PDL683457981760S,Advice,Advice Black Daily,S,FOOTWEAR,Sports Shoes,599.0,0,Brazil,21984,1509699932794,In Stock
683457981760,PDL683457981760M,Advice,Advice Black Daily,M,FOOTWEAR,Sports Shoes,599.0,0,Brazil,21984,1509699932794,In Stock
683457981760,PDL683457981760L,Advice,Advice Black Daily,L,FOOTWEAR,Sports Shoes,599.0,0,Brazil,21984,1509699932794,In Stock
683457981760,PDL683457981760XL,Advice,Advice Black Daily,XL,FOOTWEAR,Sports Shoes,599.0,0,Brazil,21984,1509699932794,In Stock
683457981760,PDL683457981760XXL,Advice,Advice Black Daily,XXL,FOOTWEAR,Sports Shoes,599.0,0,Brazil,21984,1509699932794,In Stock
683457981760,PDL683457981760XXXL,Advice,Advice Black Daily,XXXL,FOOTWEAR,Sports Shoes,599.0,0,Brazil,21984,1509699932794,In Stock
683457981760,PDL683457981760FREE,Advice,Advice Black Daily,FREE,FOOTWEAR,Sports Shoes,599.0,0,Brazil,21984,1509699932794,In Stock
683457981760,PDL6834579817605,Advice,Advice Black Daily,5,FOOTWEAR,Sports Shoes,599.0,0,Brazil,21984,1509699932794,In Stock
683457981760,PDL6834579817606,Advice,Advice Black Daily,6,FOOTWEAR,Sports Shoes,599.0,0,Brazil,21984,1509699932794,In Stock
683457981760,PDL6834579817607,Advice,Advice Black Daily,7,FOOTWEAR,Sports Shoes,599.0,0,Brazil,21984,1509699932794,In Stock
683457981760,PDL6834579817608,Advice,Advice Black Daily,8,FOOTWEAR,Sports Shoes,599.0,0,Brazil,21984,1509699932794,In Stock
683457981760,PDL6834579817609,Advice,Advice Black Daily,9,FOOTWEAR,Sports Shoes,599.0,0,Brazil,21984,1509699932794,In Stock
683457981760,PDL68345798176010,Advice,Advice Black Daily,10,FOOTWEAR,Sports Shoes,599.0,0,Brazil,21984,1509699932794,In Stock
648585208047,PDL648585208047XXS,Advice,Advice Black Daily,XXS,FOOTWEAR,Running Shoes,599.0,7,European Community,23491,1509699932794,Out Of Stock
648585208047,PDL648585208047S,Advice,Advice Black Daily,S,FOOTWEAR,Running Shoes,599.0,7,European Community,23491,1509699932794,Out Of Stock
648585208047,PDL648585208047M,Advice,Advice Black Daily,M,FOOTWEAR,Running Shoes,599.0,7,European Community,23491,1509699932794,Out Of Stock
648585208047,PDL648585208047L,Advice,Advice Black Daily,L,FOOTWEAR,Running Shoes,599.0,7,European Community,23491,1509699932794,Out Of Stock
648585208047,PDL648585208047XL,Advice,Advice Black Daily,XL,FOOTWEAR,Running Shoes,599.0,7,European Community,23491,1509699932794,Out Of Stock
648585208047,PDL648585208047XXL,Advice,Advice Black Daily,XXL,FOOTWEAR,Running Shoes,599.0,7,European Community,23491,1509699932794,Out Of Stock
648585208047,PDL648585208047XXXL,Advice,Advice Black Daily,XXXL,FOOTWEAR,Running Shoes,599.0,7,European Community,23491,1509699932794,Out Of Stock
648585208047,PDL648585208047FREE,Advice,Advice Black Daily,FREE,FOOTWEAR,Running Shoes,599.0,7,European Community,23491,1509699932794,Out Of Stock
648585208047,PDL6485852080475,Advice,Advice Black Daily,5,FOOTWEAR,Running Shoes,599.0,7,European Community,23491,1509699932794,Out Of Stock
648585208047,PDL6485852080476,Advice,Advice Black Daily,6,FOOTWEAR,Running Shoes,599.0,7,European Community,23491,1509699932794,Out Of Stock
648585208047,PDL6485852080477,Advice,Advice Black Daily,7,FOOTWEAR,Running Shoes,599.0,7,European Community,23491,1509699932795,Out Of Stock
648585208047,PDL6485852080478,Advice,Advice Black Daily,8,FOOTWEAR,Running Shoes,599.0,7,European Community,23491,1509699932795,Out Of Stock
648585208047,PDL6485852080479,Advice,Advice Black Daily,9,FOOTWEAR,Running Shoes,599.0,7,European Community,23491,1509699932797,Out Of Stock
648585208047,PDL64858520804710,Advice,Advice Black Daily,10,FOOTWEAR,Running Shoes,599.0,7,European Community,23491,1509699932797,Out Of Stock
684791531828,PDL684791531828XXS,Advice,Advice Black Daily,XXS,FOOTWEAR,Boots,599.0,8,Lithuania,90125D,1509699932797,Discontinued
684791531828,PDL684791531828S,Advice,Advice Black Daily,S,FOOTWEAR,Boots,599.0,8,Lithuania,90125D,1509699932797,Discontinued
684791531828,PDL684791531828M,Advice,Advice Black Daily,M,FOOTWEAR,Boots,599.0,8,Lithuania,90125D,1509699932797,Discontinued
684791531828,PDL684791531828L,Advice,Advice Black Daily,L,FOOTWEAR,Boots,599.0,8,Lithuania,90125D,1509699932797,Discontinued
684791531828,PDL684791531828XL,Advice,Advice Black Daily,XL,FOOTWEAR,Boots,599.0,8,Lithuania,90125D,1509699932797,Discontinued
684791531828,PDL684791531828XXL,Advice,Advice Black Daily,XXL,FOOTWEAR,Boots,599.0,8,Lithuania,90125D,1509699932797,Discontinued
684791531828,PDL684791531828XXXL,Advice,Advice Black Daily,XXXL,FOOTWEAR,Boots,599.0,8,Lithuania,90125D,1509699932797,Discontinued
684791531828,PDL684791531828FREE,Advice,Advice Black Daily,FREE,FOOTWEAR,Boots,599.0,8,Lithuania,90125D,1509699932797,Discontinued
684791531828,PDL6847915318285,Advice,Advice Black Daily,5,FOOTWEAR,Boots,599.0,8,Lithuania,90125D,1509699932797,Discontinued
684791531828,PDL6847915318286,Advice,Advice Black Daily,6,FOOTWEAR,Boots,599.0,8,Lithuania,90125D,1509699932797,Discontinued
684791531828,PDL6847915318287,Advice,Advice Black Daily,7,FOOTWEAR,Boots,599.0,8,Lithuania,90125D,1509699932797,Discontinued
684791531828,PDL6847915318288,Advice,Advice Black Daily,8,FOOTWEAR,Boots,599.0,8,Lithuania,90125D,1509699932797,Discontinued
684791531828,PDL6847915318289,Advice,Advice Black Daily,9,FOOTWEAR,Boots,599.0,8,Lithuania,90125D,1509699932797,Discontinued
684791531828,PDL68479153182810,Advice,Advice Black Daily,10,FOOTWEAR,Boots,599.0,8,Lithuania,90125D,1509699932797,Discontinued
680176544369,PDL680176544369XXS,Advice,Advice Black Daily,XXS,FOOTWEAR,Ethnic Footwear,599.0,9,Finland,21213,1509699932797,Discontinued
680176544369,PDL680176544369S,Advice,Advice Black Daily,S,FOOTWEAR,Ethnic Footwear,599.0,9,Finland,21213,1509699932797,Discontinued
680176544369,PDL680176544369M,Advice,Advice Black Daily,M,FOOTWEAR,Ethnic Footwear,599.0,9,Finland,21213,1509699932797,Discontinued
680176544369,PDL680176544369L,Advice,Advice Black Daily,L,FOOTWEAR,Ethnic Footwear,599.0,9,Finland,21213,1509699932797,Discontinued
680176544369,PDL680176544369XL,Advice,Advice Black Daily,XL,FOOTWEAR,Ethnic Footwear,599.0,9,Finland,21213,1509699932797,Discontinued
680176544369,PDL680176544369XXL,Advice,Advice Black Daily,XXL,FOOTWEAR,Ethnic Footwear,599.0,9,Finland,21213,1509699932797,Discontinued
680176544369,PDL680176544369XXXL,Advice,Advice Black Daily,XXXL,FOOTWEAR,Ethnic Footwear,599.0,9,Finland,21213,1509699932797,Discontinued
680176544369,PDL680176544369FREE,Advice,Advice Black Daily,FREE,FOOTWEAR,Ethnic Footwear,599.0,9,Finland,21213,1509699932797,Discontinued
680176544369,PDL6801765443695,Advice,Advice Black Daily,5,FOOTWEAR,Ethnic Footwear,599.0,9,Finland,21213,1509699932797,Discontinued
680176544369,PDL6801765443696,Advice,Advice Black Daily,6,FOOTWEAR,Ethnic Footwear,599.0,9,Finland,21213,1509699932797,Discontinued
680176544369,PDL6801765443697,Advice,Advice Black Daily,7,FOOTWEAR,Ethnic Footwear,599.0,9,Finland,21213,1509699932797,Discontinued
680176544369,PDL6801765443698,Advice,Advice Black Daily,8,FOOTWEAR,Ethnic Footwear,599.0,9,Finland,21213,1509699932797,Discontinued
680176544369,PDL6801765443699,Advice,Advice Black Daily,9,FOOTWEAR,Ethnic Footwear,599.0,9,Finland,21213,1509699932797,Discontinued
680176544369,PDL68017654436910,Advice,Advice Black Daily,10,FOOTWEAR,Ethnic Footwear,599.0,9,Finland,21213,1509699932797,Discontinued
650131238510,PDL650131238510XXS,Advice,Advice Black Daily,XXS,FOOTWEAR,Sports Shoes,599.0,0,Hong Kong,22192,1509699932797,Discontinued
650131238510,PDL650131238510S,Advice,Advice Black Daily,S,FOOTWEAR,Sports Shoes,599.0,0,Hong Kong,22192,1509699932797,Discontinued
650131238510,PDL650131238510M,Advice,Advice Black Daily,M,FOOTWEAR,Sports Shoes,599.0,0,Hong Kong,22192,1509699932797,Discontinued
650131238510,PDL650131238510L,Advice,Advice Black Daily,L,FOOTWEAR,Sports Shoes,599.0,0,Hong Kong,22192,1509699932797,Discontinued
650131238510,PDL650131238510XL,Advice,Advice Black Daily,XL,FOOTWEAR,Sports Shoes,599.0,0,Hong Kong,22192,1509699932797,Discontinued
650131238510,PDL650131238510XXL,Advice,Advice Black Daily,XXL,FOOTWEAR,Sports Shoes,599.0,0,Hong Kong,22192,1509699932797,Discontinued
650131238510,PDL650131238510XXXL,Advice,Advice Black Daily,XXXL,FOOTWEAR,Sports Shoes,599.0,0,Hong Kong,22192,1509699932797,Discontinued
650131238510,PDL650131238510FREE,Advice,Advice Black Daily,FREE,FOOTWEAR,Sports Shoes,599.0,0,Hong Kong,22192,1509699932797,Discontinued
650131238510,PDL6501312385105,Advice,Advice Black Daily,5,FOOTWEAR,Sports Shoes,599.0,0,Hong Kong,22192,1509699932797,Discontinued
